GROUP,PACKAGE,CLASS,INSTRUCTION_MISSED,INSTRUCTION_COVERED,BRANCH_MISSED,BRANCH_COVERED,LINE_MISSED,LINE_COVERED,COMPLEXITY_MISSED,COMPLEXITY_COVERED,METHOD_MISSED,METHOD_COVERED
javaparser-core-testing,com.github.javaparser.ast.validator,Java7Validator,0,103,0,12,0,22,0,9,0,3
javaparser-core-testing,com.github.javaparser.ast.validator,Java1_2Validator,0,29,0,0,0,6,0,1,0,1
javaparser-core-testing,com.github.javaparser.ast.validator,Java1_3Validator,0,3,0,0,0,2,0,1,0,1
javaparser-core-testing,com.github.javaparser.ast.validator,Java10Validator,0,18,0,0,0,4,0,1,0,1
javaparser-core-testing,com.github.javaparser.ast.validator,NoProblemsValidator,4,0,0,0,2,0,2,0,2,0
javaparser-core-testing,com.github.javaparser.ast.validator,VisitorValidator,0,8,0,0,0,3,0,2,0,2
javaparser-core-testing,com.github.javaparser.ast.validator,Java8Validator,0,58,0,6,0,13,0,6,0,3
javaparser-core-testing,com.github.javaparser.ast.validator,ProblemReporter,0,28,0,0,0,7,0,3,0,3
javaparser-core-testing,com.github.javaparser.ast.validator,Java12Validator,0,3,0,0,0,2,0,1,0,1
javaparser-core-testing,com.github.javaparser.ast.validator,TreeVisitorValidator,0,28,0,2,0,8,0,3,0,2
javaparser-core-testing,com.github.javaparser.ast.validator,Java5Validator,0,114,0,10,0,25,0,10,0,5
javaparser-core-testing,com.github.javaparser.ast.validator,Java1_4Validator,0,8,0,0,0,3,0,1,0,1
javaparser-core-testing,com.github.javaparser.ast.validator,Java1_0Validator,9,390,1,19,2,69,3,32,2,23
javaparser-core-testing,com.github.javaparser.ast.validator,ReservedKeywordValidator,7,45,1,3,1,11,1,4,0,3
javaparser-core-testing,com.github.javaparser.ast.validator,Java1_1Validator,0,42,0,4,0,9,0,5,0,3
javaparser-core-testing,com.github.javaparser.ast.validator,SingleNodeTypeValidator,0,38,0,2,0,8,0,4,0,3
javaparser-core-testing,com.github.javaparser.ast.validator,Java6Validator,0,3,0,0,0,2,0,1,0,1
javaparser-core-testing,com.github.javaparser.ast.validator,SimpleValidator,0,16,0,2,0,5,0,3,0,2
javaparser-core-testing,com.github.javaparser.ast.validator,Validators,8,50,1,1,2,13,2,6,1,6
javaparser-core-testing,com.github.javaparser.ast.validator,Java11Validator,0,20,0,0,0,4,0,1,0,1
javaparser-core-testing,com.github.javaparser.ast.validator,Java9Validator,10,56,3,3,2,12,2,3,0,2
javaparser-core-testing,com.github.javaparser.ast.validator,TypedValidator,6,19,0,0,0,3,1,3,1,3
javaparser-core-testing,com.github.javaparser.ast.expr,NormalAnnotationExpr,120,56,14,2,28,18,18,7,10,7
javaparser-core-testing,com.github.javaparser.ast.expr,IntegerLiteralExpr,47,81,4,12,16,19,11,13,9,7
javaparser-core-testing,com.github.javaparser.ast.expr,EnclosedExpr,76,44,8,2,23,15,16,5,11,5
javaparser-core-testing,com.github.javaparser.ast.expr,Name,69,128,14,8,20,34,13,18,5,15
javaparser-core-testing,com.github.javaparser.ast.expr,SingleMemberAnnotationExpr,62,58,8,2,18,19,12,8,7,8
javaparser-core-testing,com.github.javaparser.ast.expr,ArrayAccessExpr,93,75,12,4,27,24,18,7,10,7
javaparser-core-testing,com.github.javaparser.ast.expr,CastExpr,60,108,6,10,17,34,12,13,7,10
javaparser-core-testing,com.github.javaparser.ast.expr,UnaryExpr.Operator,0,124,0,2,0,16,0,6,0,5
javaparser-core-testing,com.github.javaparser.ast.expr,DoubleLiteralExpr,52,34,4,0,17,12,12,6,10,6
javaparser-core-testing,com.github.javaparser.ast.expr,ArrayCreationExpr,195,142,27,9,47,40,29,14,13,12
javaparser-core-testing,com.github.javaparser.ast.expr,ConditionalExpr,108,113,14,8,30,35,19,11,10,9
javaparser-core-testing,com.github.javaparser.ast.expr,SwitchExpr,143,81,18,4,36,25,23,8,12,8
javaparser-core-testing,com.github.javaparser.ast.expr,ObjectCreationExpr,290,197,55,13,67,56,43,19,12,16
javaparser-core-testing,com.github.javaparser.ast.expr,TypeExpr,71,44,8,2,22,15,15,5,10,5
javaparser-core-testing,com.github.javaparser.ast.expr,ThisExpr,80,58,13,3,23,20,15,10,8,9
javaparser-core-testing,com.github.javaparser.ast.expr,VariableDeclarationExpr,291,145,34,6,52,40,33,14,13,14
javaparser-core-testing,com.github.javaparser.ast.expr,LambdaExpr,114,179,15,11,27,47,16,21,8,16
javaparser-core-testing,com.github.javaparser.ast.expr,ClassExpr,64,51,8,2,20,17,14,6,9,6
javaparser-core-testing,com.github.javaparser.ast.expr,MethodReferenceExpr,125,109,22,6,32,33,22,11,9,10
javaparser-core-testing,com.github.javaparser.ast.expr,LiteralStringValueExpr,45,31,5,1,16,10,12,3,9,3
javaparser-core-testing,com.github.javaparser.ast.expr,NameExpr,62,80,7,3,17,24,11,11,7,10
javaparser-core-testing,com.github.javaparser.ast.expr,MemberValuePair,91,75,12,4,24,24,15,7,7,7
javaparser-core-testing,com.github.javaparser.ast.expr,LiteralExpr,42,6,4,0,15,3,11,1,9,1
javaparser-core-testing,com.github.javaparser.ast.expr,SimpleName,27,56,5,1,8,19,6,9,3,9
javaparser-core-testing,com.github.javaparser.ast.expr,SuperExpr,85,46,13,3,26,16,17,7,10,6
javaparser-core-testing,com.github.javaparser.ast.expr,MethodCallExpr,222,217,34,16,51,58,32,23,12,18
javaparser-core-testing,com.github.javaparser.ast.expr,BooleanLiteralExpr,51,39,4,2,17,13,12,6,10,5
javaparser-core-testing,com.github.javaparser.ast.expr,StringLiteralExpr,53,35,4,0,17,12,12,7,10,7
javaparser-core-testing,com.github.javaparser.ast.expr,AnnotationExpr,75,37,8,2,23,12,16,3,11,3
javaparser-core-testing,com.github.javaparser.ast.expr,ArrayInitializerExpr,99,51,14,2,25,17,17,6,9,6
javaparser-core-testing,com.github.javaparser.ast.expr,Expression,629,8,4,0,150,4,147,2,145,2
javaparser-core-testing,com.github.javaparser.ast.expr,BinaryExpr.Operator,32,232,11,1,11,26,11,4,0,4
javaparser-core-testing,com.github.javaparser.ast.expr,LongLiteralExpr,52,97,5,15,17,21,13,13,10,6
javaparser-core-testing,com.github.javaparser.ast.expr,BinaryExpr,78,119,12,6,23,36,15,13,7,12
javaparser-core-testing,com.github.javaparser.ast.expr,UnaryExpr,68,87,8,6,21,26,14,12,9,10
javaparser-core-testing,com.github.javaparser.ast.expr,MarkerAnnotationExpr,43,30,4,0,14,11,10,6,8,6
javaparser-core-testing,com.github.javaparser.ast.expr,AssignExpr.Operator,32,155,11,1,11,19,11,4,0,4
javaparser-core-testing,com.github.javaparser.ast.expr,NullLiteralExpr,36,22,4,0,12,9,9,5,7,5
javaparser-core-testing,com.github.javaparser.ast.expr,FieldAccessExpr,188,123,31,7,43,37,32,13,14,12
javaparser-core-testing,com.github.javaparser.ast.expr,InstanceOfExpr,93,75,12,4,27,24,18,7,10,7
javaparser-core-testing,com.github.javaparser.ast.expr,AssignExpr,74,123,10,8,21,38,13,15,7,12
javaparser-core-testing,com.github.javaparser.ast.expr,CharLiteralExpr,56,34,4,0,18,11,12,7,10,7
javaparser-core-testing,com.github.javaparser.resolution.types.parametrization,ResolvedTypeParameterValueProvider,56,0,14,0,13,0,8,0,1,0
javaparser-core-testing,com.github.javaparser.resolution.types.parametrization,ResolvedTypeParametersMap,158,0,14,0,29,0,19,0,12,0
javaparser-core-testing,com.github.javaparser.resolution.types.parametrization,ResolvedTypeParametersMap.Builder,60,0,0,0,15,0,4,0,4,0
javaparser-core-testing,com.github.javaparser.printer,DotPrinter,0,332,0,18,0,48,0,14,0,5
javaparser-core-testing,com.github.javaparser.printer,JsonPrinter,0,245,0,18,0,34,0,13,0,4
javaparser-core-testing,com.github.javaparser.printer,SourcePrinter,42,327,7,19,9,75,8,23,1,16
javaparser-core-testing,com.github.javaparser.printer,PrettyPrinterConfiguration.IndentType,0,34,0,0,0,4,0,1,0,1
javaparser-core-testing,com.github.javaparser.printer,PrettyPrinter,0,27,0,0,0,8,0,3,0,3
javaparser-core-testing,com.github.javaparser.printer,ConcreteSyntaxModel,29,4455,3,7,3,681,5,13,2,11
javaparser-core-testing,com.github.javaparser.printer,PrettyPrintVisitor,86,4563,35,407,17,1055,37,307,2,121
javaparser-core-testing,com.github.javaparser.printer,YamlPrinter,1,316,1,21,0,52,1,15,0,5
javaparser-core-testing,com.github.javaparser.printer,PrettyPrinterConfiguration,76,152,5,6,19,48,10,24,7,21
javaparser-core-testing,com.github.javaparser.printer,XmlPrinter,0,220,1,15,0,39,1,12,0,5
javaparser-core-testing,com.github.javaparser.ast.type,PrimitiveType.Primitive,4,108,0,0,1,14,1,3,1,3
javaparser-core-testing,com.github.javaparser.ast.type,ArrayType,40,238,10,16,10,57,13,22,4,18
javaparser-core-testing,com.github.javaparser.ast.type,UnionType,116,56,14,2,27,18,19,7,11,7
javaparser-core-testing,com.github.javaparser.ast.type,WildcardType,182,112,22,6,50,30,33,13,21,11
javaparser-core-testing,com.github.javaparser.ast.type,VarType,54,18,4,0,17,7,13,4,11,4
javaparser-core-testing,com.github.javaparser.ast.type,UnknownType,50,30,5,1,15,11,12,6,9,6
javaparser-core-testing,com.github.javaparser.ast.type,Type,269,75,12,8,62,23,55,11,49,7
javaparser-core-testing,com.github.javaparser.ast.type,VoidType,37,35,4,0,13,11,10,7,8,7
javaparser-core-testing,com.github.javaparser.ast.type,ArrayType.ArrayBracketPair,0,49,0,0,0,15,0,7,0,7
javaparser-core-testing,com.github.javaparser.ast.type,PrimitiveType,78,113,5,3,22,27,17,16,14,15
javaparser-core-testing,com.github.javaparser.ast.type,IntersectionType,107,58,13,3,24,19,16,9,9,8
javaparser-core-testing,com.github.javaparser.ast.type,TypeParameter,189,99,18,4,40,29,25,10,14,10
javaparser-core-testing,com.github.javaparser.ast.type,ArrayType.Origin,0,24,0,0,0,3,0,1,0,1
javaparser-core-testing,com.github.javaparser.ast.type,ReferenceType,50,7,4,0,17,3,12,1,10,1
javaparser-core-testing,com.github.javaparser.ast.type,ClassOrInterfaceType,187,217,24,16,39,54,29,21,13,17
javaparser-core-testing,com.github.javaparser.printer.lexicalpreservation.changes,NoChange,0,7,0,0,0,2,0,2,0,2
javaparser-core-testing,com.github.javaparser.printer.lexicalpreservation.changes,PropertyChange,3,29,0,2,1,10,1,5,1,4
javaparser-core-testing,com.github.javaparser.printer.lexicalpreservation.changes,ListAdditionChange,14,52,1,3,1,14,1,3,0,2
javaparser-core-testing,com.github.javaparser.printer.lexicalpreservation.changes,ListRemovalChange,14,48,1,3,1,13,1,3,0,2
javaparser-core-testing,com.github.javaparser.printer.lexicalpreservation.changes,ListReplacementChange,21,55,2,4,3,15,2,3,0,2
javaparser-core-testing,com.github.javaparser.printer.lexicalpreservation.changes,Change,18,50,1,8,1,5,1,7,0,2
javaparser-core-testing,com.github.javaparser.resolution,MethodUsage,353,0,24,0,68,0,31,0,19,0
javaparser-core-testing,com.github.javaparser.resolution,UnsolvedSymbolException,79,0,2,0,13,0,7,0,6,0
javaparser-core-testing,com.github.javaparser.resolution,MethodAmbiguityException,4,0,0,0,2,0,1,0,1,0
javaparser-core-testing,com.github.javaparser.javadoc,Javadoc,64,186,6,16,8,38,11,14,5,9
javaparser-core-testing,com.github.javaparser.javadoc,JavadocBlockTag.Type,0,176,0,6,0,22,0,7,0,4
javaparser-core-testing,com.github.javaparser.javadoc,JavadocBlockTag,61,135,5,9,8,28,10,9,5,7
javaparser-core-testing,com.github.javaparser.printer.lexicalpreservation,TextElementMatchers.new TextElementMatcher() {...},10,11,0,0,1,2,1,2,1,2
javaparser-core-testing,com.github.javaparser.printer.lexicalpreservation,WrappingRangeIterator,2,29,0,2,1,9,1,3,1,2
javaparser-core-testing,com.github.javaparser.printer.lexicalpreservation,TextElementIteratorsFactory.EmptyIterator,4,5,0,0,1,2,1,2,1,2
javaparser-core-testing,com.github.javaparser.printer.lexicalpreservation,Reshuffled,69,15,8,0,12,6,10,3,6,3
javaparser-core-testing,com.github.javaparser.printer.lexicalpreservation,Difference,300,2052,68,332,32,370,60,170,4,26
javaparser-core-testing,com.github.javaparser.printer.lexicalpreservation,DifferenceElementCalculator,101,621,10,102,7,132,11,58,1,12
javaparser-core-testing,com.github.javaparser.printer.lexicalpreservation,TokenTextElement,13,91,1,7,4,21,5,17,4,14
javaparser-core-testing,com.github.javaparser.printer.lexicalpreservation,RemovedGroup,12,292,8,30,3,63,8,30,0,19
javaparser-core-testing,com.github.javaparser.printer.lexicalpreservation,TextElementIteratorsFactory.SingleElementIterator,1,19,0,2,1,6,1,4,1,3
javaparser-core-testing,com.github.javaparser.printer.lexicalpreservation,TextElementIteratorsFactory.ComposedIterator,12,47,1,5,3,12,2,5,1,3
javaparser-core-testing,com.github.javaparser.printer.lexicalpreservation,TextElementIteratorsFactory.CascadingIterator,23,60,5,7,8,19,4,6,1,3
javaparser-core-testing,com.github.javaparser.printer.lexicalpreservation,Added,30,67,4,6,4,15,7,8,3,7
javaparser-core-testing,com.github.javaparser.printer.lexicalpreservation,LexicalDifferenceCalculator,168,616,21,60,27,125,16,45,0,18
javaparser-core-testing,com.github.javaparser.printer.lexicalpreservation,Removed,58,73,7,7,9,21,10,10,4,9
javaparser-core-testing,com.github.javaparser.printer.lexicalpreservation,Difference.MatchClassification,0,70,0,0,0,6,0,3,0,3
javaparser-core-testing,com.github.javaparser.printer.lexicalpreservation,TextElementIteratorsFactory.new TextElementIteratorsFactory.SingleElementIterator() {...},6,10,0,0,2,1,1,1,1,1
javaparser-core-testing,com.github.javaparser.printer.lexicalpreservation,LexicalPreservingPrinter.new DataKey() {...},0,3,0,0,0,1,0,1,0,1
javaparser-core-testing,com.github.javaparser.printer.lexicalpreservation,LexicalPreservingPrinter.new TreeVisitor() {...},0,17,0,2,0,4,0,3,0,2
javaparser-core-testing,com.github.javaparser.printer.lexicalpreservation,LexicalDifferenceCalculator.CalculatedSyntaxModel,12,50,0,4,1,9,1,7,1,5
javaparser-core-testing,com.github.javaparser.printer.lexicalpreservation,TextElementIteratorsFactory,7,55,1,5,2,12,2,5,1,3
javaparser-core-testing,com.github.javaparser.printer.lexicalpreservation,TextElement,22,39,9,5,5,8,8,6,2,5
javaparser-core-testing,com.github.javaparser.printer.lexicalpreservation,PhantomNodeLogic.new AstObserverAdapter() {...},0,8,0,0,0,3,0,2,0,2
javaparser-core-testing,com.github.javaparser.printer.lexicalpreservation,LexicalDifferenceCalculator.CsmChild,22,32,3,3,2,9,5,4,2,4
javaparser-core-testing,com.github.javaparser.printer.lexicalpreservation,PhantomNodeLogic,3,84,1,15,1,15,2,10,1,3
javaparser-core-testing,com.github.javaparser.printer.lexicalpreservation,LexicalPreservingPrinter.Observer,62,247,14,26,13,51,14,15,2,7
javaparser-core-testing,com.github.javaparser.printer.lexicalpreservation,RemovedGroup.new Iterator() {...},0,40,1,3,0,4,1,4,0,3
javaparser-core-testing,com.github.javaparser.printer.lexicalpreservation,TextElementMatcher,0,16,1,3,0,1,1,3,0,2
javaparser-core-testing,com.github.javaparser.printer.lexicalpreservation,NodeText,104,212,14,10,21,49,12,27,3,24
javaparser-core-testing,com.github.javaparser.printer.lexicalpreservation,ChildTextElement,43,42,6,2,7,13,7,12,4,11
javaparser-core-testing,com.github.javaparser.printer.lexicalpreservation,LexicalPreservingPrinter,209,751,21,100,38,167,20,69,3,22
javaparser-core-testing,com.github.javaparser.printer.lexicalpreservation,DifferenceElement,0,15,0,0,0,3,0,3,0,3
javaparser-core-testing,com.github.javaparser.printer.lexicalpreservation,NodeText.Option,34,0,0,0,4,0,1,0,1,0
javaparser-core-testing,com.github.javaparser.printer.lexicalpreservation,TextElementMatchers,10,5,0,0,2,1,3,1,3,1
javaparser-core-testing,com.github.javaparser.printer.lexicalpreservation,Kept,39,102,6,10,6,30,9,15,3,13
javaparser-core-testing,com.github.javaparser,StringProvider,0,65,0,6,0,18,0,6,0,3
javaparser-core-testing,com.github.javaparser,GeneratedJavaParserTokenManager,2268,9555,638,1028,333,1240,473,647,4,44
javaparser-core-testing,com.github.javaparser,SimpleCharStream,349,601,19,37,55,118,21,34,9,17
javaparser-core-testing,com.github.javaparser,UnicodeEscapeProcessingProvider,397,377,43,32,83,88,37,21,2,10
javaparser-core-testing,com.github.javaparser,Problem,21,159,8,8,6,24,6,17,1,14
javaparser-core-testing,com.github.javaparser,Token,10,24,0,0,4,8,3,4,3,4
javaparser-core-testing,com.github.javaparser,JavaParserBuild,3,0,0,0,1,0,1,0,1,0
javaparser-core-testing,com.github.javaparser,ParseResult,0,89,1,9,0,22,1,13,0,9
javaparser-core-testing,com.github.javaparser,TokenBase,0,9,0,0,0,3,0,1,0,1
javaparser-core-testing,com.github.javaparser,JavaToken.Category,35,125,11,13,5,14,11,12,5,6
javaparser-core-testing,com.github.javaparser,ParserConfiguration.LanguageLevel,0,259,0,0,0,22,0,2,0,2
javaparser-core-testing,com.github.javaparser,GeneratedJavaParser.JJCalls,0,3,0,0,0,1,0,1,0,1
javaparser-core-testing,com.github.javaparser,CommentsInserter,6,384,9,51,3,92,9,34,0,13
javaparser-core-testing,com.github.javaparser,ParseException,89,251,12,21,26,45,15,12,3,4
javaparser-core-testing,com.github.javaparser,TokenMgrException,28,147,6,11,12,25,7,11,1,5
javaparser-core-testing,com.github.javaparser,TokenRange.new Iterator() {...},10,48,2,6,2,11,2,5,0,3
javaparser-core-testing,com.github.javaparser,Range,73,128,6,20,9,19,13,17,7,10
javaparser-core-testing,com.github.javaparser,GeneratedJavaParserBase,50,630,16,58,13,128,17,47,2,25
javaparser-core-testing,com.github.javaparser,ParserConfiguration,151,210,30,10,43,56,27,28,11,24
javaparser-core-testing,com.github.javaparser,TokenTypes,41,47,6,9,10,17,8,15,4,8
javaparser-core-testing,com.github.javaparser,JavadocParser,10,321,6,34,2,58,7,26,2,11
javaparser-core-testing,com.github.javaparser,StreamProvider,26,28,5,1,8,8,5,3,2,3
javaparser-core-testing,com.github.javaparser,ParseStart,0,41,0,0,0,20,0,1,0,1
javaparser-core-testing,com.github.javaparser,JavaToken.Kind,297,1592,143,1,143,150,143,4,0,4
javaparser-core-testing,com.github.javaparser,Providers,25,84,1,1,4,16,2,11,1,11
javaparser-core-testing,com.github.javaparser,Position,75,158,16,28,10,34,16,20,5,9
javaparser-core-testing,com.github.javaparser,ModifierHolder,0,14,0,0,0,5,0,1,0,1
javaparser-core-testing,com.github.javaparser,JavaToken,223,229,10,20,55,60,24,25,17,17
javaparser-core-testing,com.github.javaparser,JavaParser,51,331,1,7,11,63,10,37,9,34
javaparser-core-testing,com.github.javaparser,TokenRange,2,99,2,4,1,17,2,10,0,9
javaparser-core-testing,com.github.javaparser,ParseProblemException,3,46,0,2,1,10,1,4,1,3
javaparser-core-testing,com.github.javaparser,RangedList,5,36,1,1,1,11,1,4,0,4
javaparser-core-testing,com.github.javaparser,GeneratedJavaParserConstants,0,576,0,0,0,1,0,1,0,1
javaparser-core-testing,com.github.javaparser,GeneratedJavaParser,3672,19280,947,2227,718,3657,832,1522,61,616
javaparser-core-testing,com.github.javaparser,GeneratedJavaParserTokenManagerBase,8,109,1,9,2,15,2,6,1,2
javaparser-core-testing,com.github.javaparser,HasParentNode,8,39,0,6,2,9,2,6,2,3
javaparser-core-testing,com.github.javaparser.ast.observer,AstObserverAdapter,1,6,0,0,1,4,1,4,1,4
javaparser-core-testing,com.github.javaparser.ast.observer,ObservableProperty.Type,0,63,0,0,0,6,0,2,0,2
javaparser-core-testing,com.github.javaparser.ast.observer,ObservableProperty,171,1265,11,19,21,144,15,22,7,15
javaparser-core-testing,com.github.javaparser.ast.observer,PropagatingAstObserver.new PropagatingAstObserver() {...},0,29,0,0,0,7,0,4,0,4
javaparser-core-testing,com.github.javaparser.ast.observer,AstObserver.ListChangeType,0,24,0,0,0,3,0,1,0,1
javaparser-core-testing,com.github.javaparser.ast.observer,PropagatingAstObserver,6,91,3,13,4,29,5,14,2,9
javaparser-core-testing,com.github.javaparser.ast.visitor,GenericVisitorWithDefaults,477,0,0,0,97,0,97,0,97,0
javaparser-core-testing,com.github.javaparser.ast.visitor,EqualsVisitor,2706,1183,504,164,624,230,361,76,63,40
javaparser-core-testing,com.github.javaparser.ast.visitor,ObjectIdentityHashCodeVisitor,379,12,0,0,94,3,94,3,94,3
javaparser-core-testing,com.github.javaparser.ast.visitor,CloneVisitor,2192,1458,4,10,352,236,65,40,61,37
javaparser-core-testing,com.github.javaparser.ast.visitor,NoCommentHashCodeVisitor,2297,0,84,0,101,0,139,0,97,0
javaparser-core-testing,com.github.javaparser.ast.visitor,ModifierVisitor,3456,1257,148,36,574,236,266,42,182,34
javaparser-core-testing,com.github.javaparser.ast.visitor,GenericVisitorAdapter,3482,339,778,48,992,91,489,19,80,15
javaparser-core-testing,com.github.javaparser.ast.visitor,HashCodeVisitor,2606,1386,199,71,55,45,180,51,55,41
javaparser-core-testing,com.github.javaparser.ast.visitor,VoidVisitorAdapter,346,2462,2,0,4,380,68,239,67,239
javaparser-core-testing,com.github.javaparser.ast.visitor,NoCommentEqualsVisitor,2638,211,427,33,600,42,315,17,92,10
javaparser-core-testing,com.github.javaparser.ast.visitor,VoidVisitorWithDefaults,475,0,0,0,191,0,97,0,97,0
javaparser-core-testing,com.github.javaparser.ast.visitor,ObjectIdentityEqualsVisitor,751,16,186,2,94,3,187,4,94,3
javaparser-core-testing,com.github.javaparser.ast.visitor,TreeVisitor,23,74,2,4,7,19,3,7,2,5
javaparser-core-testing,com.github.javaparser.ast.visitor,GenericListVisitorAdapter,5048,0,822,0,1171,0,507,0,96,0
javaparser-core-testing,com.github.javaparser.ast.modules,ModuleDirective,201,6,4,0,50,3,47,1,45,1
javaparser-core-testing,com.github.javaparser.ast.modules,ModuleDeclaration,176,156,28,8,37,45,23,15,6,14
javaparser-core-testing,com.github.javaparser.ast.modules,ModuleExportsDirective,122,100,17,5,33,30,22,11,12,10
javaparser-core-testing,com.github.javaparser.ast.modules,ModuleOpensDirective,137,77,18,4,36,25,24,8,13,8
javaparser-core-testing,com.github.javaparser.ast.modules,ModuleRequiresDirective,147,77,18,4,38,25,26,8,15,8
javaparser-core-testing,com.github.javaparser.ast.modules,ModuleProvidesDirective,137,77,18,4,36,25,24,8,13,8
javaparser-core-testing,com.github.javaparser.ast.modules,ModuleUsesDirective,111,46,12,2,35,16,21,6,14,6
javaparser-core-testing,com.github.javaparser.utils,VisitorSet.new Iterator() {...},4,22,0,0,1,5,1,3,1,3
javaparser-core-testing,com.github.javaparser.utils,StringEscapeUtils.OctalUnescaper,1,116,8,16,0,17,8,8,0,4
javaparser-core-testing,com.github.javaparser.utils,ClassUtils,5,96,1,9,2,20,2,7,1,3
javaparser-core-testing,com.github.javaparser.utils,SourceZip,29,131,0,6,9,24,5,8,5,5
javaparser-core-testing,com.github.javaparser.utils,VisitorList.new VisitorList() {...},0,24,0,0,0,3,0,1,0,1
javaparser-core-testing,com.github.javaparser.utils,VisitorList.new ListIterator() {...},42,27,0,0,9,5,7,3,7,3
javaparser-core-testing,com.github.javaparser.utils,VisitorList.new Iterator() {...},4,22,0,0,1,5,1,3,1,3
javaparser-core-testing,com.github.javaparser.utils,VisitorMap.EqualsHashcodeOverridingFacade,10,36,2,2,3,6,4,3,2,3
javaparser-core-testing,com.github.javaparser.utils,Log,22,20,0,0,7,7,4,4,4,4
javaparser-core-testing,com.github.javaparser.utils,CollectionStrategy,9,23,0,0,2,7,0,2,0,2
javaparser-core-testing,com.github.javaparser.utils,VisitorSet.EqualsHashcodeOverridingFacade,10,36,2,2,3,6,4,3,2,3
javaparser-core-testing,com.github.javaparser.utils,SourceRoot.new SimpleFileVisitor() {...},0,39,2,4,0,6,2,4,0,3
javaparser-core-testing,com.github.javaparser.utils,SourceRoot.new SimpleFileVisitor() {...},2,36,2,4,1,4,2,4,0,3
javaparser-core-testing,com.github.javaparser.utils,ParserCollectionStrategy,10,30,0,0,2,9,0,3,0,3
javaparser-core-testing,com.github.javaparser.utils,StringEscapeUtils,0,283,0,0,0,8,0,3,0,3
javaparser-core-testing,com.github.javaparser.utils,Log.StandardOutStandardErrorAdapter,57,11,4,0,15,5,4,3,2,3
javaparser-core-testing,com.github.javaparser.utils,SeparatedItemStringBuilder,0,55,0,2,0,13,0,5,0,4
javaparser-core-testing,com.github.javaparser.utils,VisitorList,128,193,10,14,19,40,18,21,10,17
javaparser-core-testing,com.github.javaparser.utils,VisitorSet,69,143,8,10,10,30,10,16,4,13
javaparser-core-testing,com.github.javaparser.utils,CodeGenerationUtils,87,148,8,10,15,23,8,15,4,10
javaparser-core-testing,com.github.javaparser.utils,StringEscapeUtils.CharSequenceTranslator,51,64,8,10,14,19,7,5,1,2
javaparser-core-testing,com.github.javaparser.utils,VisitorList.EqualsHashcodeOverridingFacade,20,26,2,2,4,5,5,2,3,2
javaparser-core-testing,com.github.javaparser.utils,ParserCollectionStrategy.new SimpleFileVisitor() {...},0,68,1,13,0,14,1,10,0,4
javaparser-core-testing,com.github.javaparser.utils,StringEscapeUtils.AggregateTranslator,2,40,1,5,0,8,1,4,0,2
javaparser-core-testing,com.github.javaparser.utils,SourceRoot.ParallelParse.new SimpleFileVisitor() {...},0,47,0,4,0,10,0,5,0,3
javaparser-core-testing,com.github.javaparser.utils,SourceRoot.Callback.Result,0,34,0,0,0,2,0,1,0,1
javaparser-core-testing,com.github.javaparser.utils,StringEscapeUtils.LookupTranslator,5,128,2,14,1,27,2,8,0,2
javaparser-core-testing,com.github.javaparser.utils,Utils,74,333,12,53,18,70,16,43,7,19
javaparser-core-testing,com.github.javaparser.utils,Pair,71,24,22,0,8,5,13,2,2,2
javaparser-core-testing,com.github.javaparser.utils,VisitorMap,50,63,0,0,11,12,8,7,8,7
javaparser-core-testing,com.github.javaparser.utils,CollectionContext,11,0,0,0,4,0,2,0,2,0
javaparser-core-testing,com.github.javaparser.utils,ProjectRoot,30,41,0,0,5,9,4,4,4,4
javaparser-core-testing,com.github.javaparser.utils,Log.SilentAdapter,1,5,0,0,1,3,1,3,1,3
javaparser-core-testing,com.github.javaparser.utils,SourceRoot,385,390,20,14,83,83,34,27,20,23
javaparser-core-testing,com.github.javaparser.utils,PositionUtils,56,200,17,33,8,47,12,25,0,12
javaparser-core-testing,com.github.javaparser.utils,StringEscapeUtils.UnicodeUnescaper,35,85,6,10,5,12,6,4,0,2
javaparser-core-testing,com.github.javaparser.utils,SourceRoot.ParallelParse,3,38,0,2,2,11,0,3,0,2
javaparser-core-testing,com.github.javaparser.metamodel,PackageDeclarationMetaModel,0,9,0,0,0,2,0,1,0,1
javaparser-core-testing,com.github.javaparser.metamodel,SwitchEntryMetaModel,0,9,0,0,0,2,0,1,0,1
javaparser-core-testing,com.github.javaparser.metamodel,ThisExprMetaModel,0,9,0,0,0,2,0,1,0,1
javaparser-core-testing,com.github.javaparser.metamodel,ClassOrInterfaceDeclarationMetaModel,0,9,0,0,0,2,0,1,0,1
javaparser-core-testing,com.github.javaparser.metamodel,AssignExprMetaModel,0,9,0,0,0,2,0,1,0,1
javaparser-core-testing,com.github.javaparser.metamodel,ModuleDirectiveMetaModel,0,18,0,0,0,4,0,2,0,2
javaparser-core-testing,com.github.javaparser.metamodel,NullLiteralExprMetaModel,0,9,0,0,0,2,0,1,0,1
javaparser-core-testing,com.github.javaparser.metamodel,UnionTypeMetaModel,0,9,0,0,0,2,0,1,0,1
javaparser-core-testing,com.github.javaparser.metamodel,WhileStmtMetaModel,0,9,0,0,0,2,0,1,0,1
javaparser-core-testing,com.github.javaparser.metamodel,JavaParserMetaModel,22,6405,4,0,5,850,3,5,1,5
javaparser-core-testing,com.github.javaparser.metamodel,AnnotationDeclarationMetaModel,0,9,0,0,0,2,0,1,0,1
javaparser-core-testing,com.github.javaparser.metamodel,ModifierMetaModel,0,9,0,0,0,2,0,1,0,1
javaparser-core-testing,com.github.javaparser.metamodel,ConditionalExprMetaModel,0,9,0,0,0,2,0,1,0,1
javaparser-core-testing,com.github.javaparser.metamodel,DoubleLiteralExprMetaModel,0,9,0,0,0,2,0,1,0,1
javaparser-core-testing,com.github.javaparser.metamodel,CatchClauseMetaModel,0,9,0,0,0,2,0,1,0,1
javaparser-core-testing,com.github.javaparser.metamodel,AnnotationExprMetaModel,0,18,0,0,0,4,0,2,0,2
javaparser-core-testing,com.github.javaparser.metamodel,BooleanLiteralExprMetaModel,0,9,0,0,0,2,0,1,0,1
javaparser-core-testing,com.github.javaparser.metamodel,CallableDeclarationMetaModel,0,18,0,0,0,4,0,2,0,2
javaparser-core-testing,com.github.javaparser.metamodel,ArrayAccessExprMetaModel,0,9,0,0,0,2,0,1,0,1
javaparser-core-testing,com.github.javaparser.metamodel,ModuleRequiresDirectiveMetaModel,0,9,0,0,0,2,0,1,0,1
javaparser-core-testing,com.github.javaparser.metamodel,VoidTypeMetaModel,0,9,0,0,0,2,0,1,0,1
javaparser-core-testing,com.github.javaparser.metamodel,ExpressionStmtMetaModel,0,9,0,0,0,2,0,1,0,1
javaparser-core-testing,com.github.javaparser.metamodel,AssertStmtMetaModel,0,9,0,0,0,2,0,1,0,1
javaparser-core-testing,com.github.javaparser.metamodel,EnclosedExprMetaModel,0,9,0,0,0,2,0,1,0,1
javaparser-core-testing,com.github.javaparser.metamodel,IntegerLiteralExprMetaModel,0,9,0,0,0,2,0,1,0,1
javaparser-core-testing,com.github.javaparser.metamodel,TypeMetaModel,0,18,0,0,0,4,0,2,0,2
javaparser-core-testing,com.github.javaparser.metamodel,BaseNodeMetaModel,178,88,28,2,35,25,25,11,11,10
javaparser-core-testing,com.github.javaparser.metamodel,LabeledStmtMetaModel,0,9,0,0,0,2,0,1,0,1
javaparser-core-testing,com.github.javaparser.metamodel,ContinueStmtMetaModel,0,9,0,0,0,2,0,1,0,1
javaparser-core-testing,com.github.javaparser.metamodel,CompilationUnitMetaModel,0,9,0,0,0,2,0,1,0,1
javaparser-core-testing,com.github.javaparser.metamodel,SingleMemberAnnotationExprMetaModel,0,9,0,0,0,2,0,1,0,1
javaparser-core-testing,com.github.javaparser.metamodel,ExplicitConstructorInvocationStmtMetaModel,0,9,0,0,0,2,0,1,0,1
javaparser-core-testing,com.github.javaparser.metamodel,ArrayCreationLevelMetaModel,0,9,0,0,0,2,0,1,0,1
javaparser-core-testing,com.github.javaparser.metamodel,IfStmtMetaModel,0,9,0,0,0,2,0,1,0,1
javaparser-core-testing,com.github.javaparser.metamodel,InitializerDeclarationMetaModel,0,9,0,0,0,2,0,1,0,1
javaparser-core-testing,com.github.javaparser.metamodel,ClassExprMetaModel,0,9,0,0,0,2,0,1,0,1
javaparser-core-testing,com.github.javaparser.metamodel,TypeDeclarationMetaModel,0,18,0,0,0,4,0,2,0,2
javaparser-core-testing,com.github.javaparser.metamodel,IntersectionTypeMetaModel,0,9,0,0,0,2,0,1,0,1
javaparser-core-testing,com.github.javaparser.metamodel,CharLiteralExprMetaModel,0,9,0,0,0,2,0,1,0,1
javaparser-core-testing,com.github.javaparser.metamodel,EnumConstantDeclarationMetaModel,0,9,0,0,0,2,0,1,0,1
javaparser-core-testing,com.github.javaparser.metamodel,BlockCommentMetaModel,0,9,0,0,0,2,0,1,0,1
javaparser-core-testing,com.github.javaparser.metamodel,TypeExprMetaModel,0,9,0,0,0,2,0,1,0,1
javaparser-core-testing,com.github.javaparser.metamodel,NodeMetaModel,0,18,0,0,0,4,0,2,0,2
javaparser-core-testing,com.github.javaparser.metamodel,ArrayCreationExprMetaModel,0,9,0,0,0,2,0,1,0,1
javaparser-core-testing,com.github.javaparser.metamodel,MethodCallExprMetaModel,0,9,0,0,0,2,0,1,0,1
javaparser-core-testing,com.github.javaparser.metamodel,ReceiverParameterMetaModel,0,9,0,0,0,2,0,1,0,1
javaparser-core-testing,com.github.javaparser.metamodel,UnaryExprMetaModel,0,9,0,0,0,2,0,1,0,1
javaparser-core-testing,com.github.javaparser.metamodel,ImportDeclarationMetaModel,0,9,0,0,0,2,0,1,0,1
javaparser-core-testing,com.github.javaparser.metamodel,ModuleExportsDirectiveMetaModel,0,9,0,0,0,2,0,1,0,1
javaparser-core-testing,com.github.javaparser.metamodel,ArrayInitializerExprMetaModel,0,9,0,0,0,2,0,1,0,1
javaparser-core-testing,com.github.javaparser.metamodel,SwitchExprMetaModel,0,9,0,0,0,2,0,1,0,1
javaparser-core-testing,com.github.javaparser.metamodel,ThrowStmtMetaModel,0,9,0,0,0,2,0,1,0,1
javaparser-core-testing,com.github.javaparser.metamodel,LineCommentMetaModel,0,9,0,0,0,2,0,1,0,1
javaparser-core-testing,com.github.javaparser.metamodel,LiteralExprMetaModel,0,18,0,0,0,4,0,2,0,2
javaparser-core-testing,com.github.javaparser.metamodel,ExpressionMetaModel,0,18,0,0,0,4,0,2,0,2
javaparser-core-testing,com.github.javaparser.metamodel,VariableDeclaratorMetaModel,0,9,0,0,0,2,0,1,0,1
javaparser-core-testing,com.github.javaparser.metamodel,ForStmtMetaModel,0,9,0,0,0,2,0,1,0,1
javaparser-core-testing,com.github.javaparser.metamodel,InstanceOfExprMetaModel,0,9,0,0,0,2,0,1,0,1
javaparser-core-testing,com.github.javaparser.metamodel,StatementMetaModel,0,18,0,0,0,4,0,2,0,2
javaparser-core-testing,com.github.javaparser.metamodel,VariableDeclarationExprMetaModel,0,9,0,0,0,2,0,1,0,1
javaparser-core-testing,com.github.javaparser.metamodel,WildcardTypeMetaModel,0,9,0,0,0,2,0,1,0,1
javaparser-core-testing,com.github.javaparser.metamodel,SimpleNameMetaModel,0,9,0,0,0,2,0,1,0,1
javaparser-core-testing,com.github.javaparser.metamodel,TryStmtMetaModel,0,9,0,0,0,2,0,1,0,1
javaparser-core-testing,com.github.javaparser.metamodel,MethodReferenceExprMetaModel,0,9,0,0,0,2,0,1,0,1
javaparser-core-testing,com.github.javaparser.metamodel,BinaryExprMetaModel,0,9,0,0,0,2,0,1,0,1
javaparser-core-testing,com.github.javaparser.metamodel,JavadocCommentMetaModel,0,9,0,0,0,2,0,1,0,1
javaparser-core-testing,com.github.javaparser.metamodel,ModuleDeclarationMetaModel,0,9,0,0,0,2,0,1,0,1
javaparser-core-testing,com.github.javaparser.metamodel,CommentMetaModel,0,18,0,0,0,4,0,2,0,2
javaparser-core-testing,com.github.javaparser.metamodel,CastExprMetaModel,0,9,0,0,0,2,0,1,0,1
javaparser-core-testing,com.github.javaparser.metamodel,TypeParameterMetaModel,0,9,0,0,0,2,0,1,0,1
javaparser-core-testing,com.github.javaparser.metamodel,ParameterMetaModel,0,9,0,0,0,2,0,1,0,1
javaparser-core-testing,com.github.javaparser.metamodel,ReferenceTypeMetaModel,0,18,0,0,0,4,0,2,0,2
javaparser-core-testing,com.github.javaparser.metamodel,ReturnStmtMetaModel,0,9,0,0,0,2,0,1,0,1
javaparser-core-testing,com.github.javaparser.metamodel,ForEachStmtMetaModel,0,9,0,0,0,2,0,1,0,1
javaparser-core-testing,com.github.javaparser.metamodel,UnparsableStmtMetaModel,0,9,0,0,0,2,0,1,0,1
javaparser-core-testing,com.github.javaparser.metamodel,LambdaExprMetaModel,0,9,0,0,0,2,0,1,0,1
javaparser-core-testing,com.github.javaparser.metamodel,ConstructorDeclarationMetaModel,0,9,0,0,0,2,0,1,0,1
javaparser-core-testing,com.github.javaparser.metamodel,ModuleOpensDirectiveMetaModel,0,9,0,0,0,2,0,1,0,1
javaparser-core-testing,com.github.javaparser.metamodel,FieldDeclarationMetaModel,0,9,0,0,0,2,0,1,0,1
javaparser-core-testing,com.github.javaparser.metamodel,BreakStmtMetaModel,0,9,0,0,0,2,0,1,0,1
javaparser-core-testing,com.github.javaparser.metamodel,FieldAccessExprMetaModel,0,9,0,0,0,2,0,1,0,1
javaparser-core-testing,com.github.javaparser.metamodel,NameExprMetaModel,0,9,0,0,0,2,0,1,0,1
javaparser-core-testing,com.github.javaparser.metamodel,DoStmtMetaModel,0,9,0,0,0,2,0,1,0,1
javaparser-core-testing,com.github.javaparser.metamodel,BodyDeclarationMetaModel,0,18,0,0,0,4,0,2,0,2
javaparser-core-testing,com.github.javaparser.metamodel,StringLiteralExprMetaModel,0,9,0,0,0,2,0,1,0,1
javaparser-core-testing,com.github.javaparser.metamodel,LocalClassDeclarationStmtMetaModel,0,9,0,0,0,2,0,1,0,1
javaparser-core-testing,com.github.javaparser.metamodel,BlockStmtMetaModel,0,9,0,0,0,2,0,1,0,1
javaparser-core-testing,com.github.javaparser.metamodel,SuperExprMetaModel,0,9,0,0,0,2,0,1,0,1
javaparser-core-testing,com.github.javaparser.metamodel,ObjectCreationExprMetaModel,0,9,0,0,0,2,0,1,0,1
javaparser-core-testing,com.github.javaparser.metamodel,SwitchStmtMetaModel,0,9,0,0,0,2,0,1,0,1
javaparser-core-testing,com.github.javaparser.metamodel,MemberValuePairMetaModel,0,9,0,0,0,2,0,1,0,1
javaparser-core-testing,com.github.javaparser.metamodel,PrimitiveTypeMetaModel,0,9,0,0,0,2,0,1,0,1
javaparser-core-testing,com.github.javaparser.metamodel,ArrayTypeMetaModel,0,9,0,0,0,2,0,1,0,1
javaparser-core-testing,com.github.javaparser.metamodel,EmptyStmtMetaModel,0,9,0,0,0,2,0,1,0,1
javaparser-core-testing,com.github.javaparser.metamodel,UnknownTypeMetaModel,0,9,0,0,0,2,0,1,0,1
javaparser-core-testing,com.github.javaparser.metamodel,ModuleUsesDirectiveMetaModel,0,9,0,0,0,2,0,1,0,1
javaparser-core-testing,com.github.javaparser.metamodel,NormalAnnotationExprMetaModel,0,9,0,0,0,2,0,1,0,1
javaparser-core-testing,com.github.javaparser.metamodel,ModuleProvidesDirectiveMetaModel,0,9,0,0,0,2,0,1,0,1
javaparser-core-testing,com.github.javaparser.metamodel,EnumDeclarationMetaModel,0,9,0,0,0,2,0,1,0,1
javaparser-core-testing,com.github.javaparser.metamodel,PropertyMetaModel,129,164,17,15,22,34,21,21,12,14
javaparser-core-testing,com.github.javaparser.metamodel,AnnotationMemberDeclarationMetaModel,0,9,0,0,0,2,0,1,0,1
javaparser-core-testing,com.github.javaparser.metamodel,MethodDeclarationMetaModel,0,9,0,0,0,2,0,1,0,1
javaparser-core-testing,com.github.javaparser.metamodel,SynchronizedStmtMetaModel,0,9,0,0,0,2,0,1,0,1
javaparser-core-testing,com.github.javaparser.metamodel,VarTypeMetaModel,0,9,0,0,0,2,0,1,0,1
javaparser-core-testing,com.github.javaparser.metamodel,LiteralStringValueExprMetaModel,0,18,0,0,0,4,0,2,0,2
javaparser-core-testing,com.github.javaparser.metamodel,ClassOrInterfaceTypeMetaModel,0,9,0,0,0,2,0,1,0,1
javaparser-core-testing,com.github.javaparser.metamodel,NameMetaModel,0,9,0,0,0,2,0,1,0,1
javaparser-core-testing,com.github.javaparser.metamodel,LongLiteralExprMetaModel,0,9,0,0,0,2,0,1,0,1
javaparser-core-testing,com.github.javaparser.metamodel,MarkerAnnotationExprMetaModel,0,9,0,0,0,2,0,1,0,1
javaparser-core-testing,com.github.javaparser.ast.nodeTypes.modifiers,NodeWithProtectedModifier,9,0,0,0,2,0,2,0,2,0
javaparser-core-testing,com.github.javaparser.ast.nodeTypes.modifiers,NodeWithAbstractModifier,5,4,0,0,1,1,1,1,1,1
javaparser-core-testing,com.github.javaparser.ast.nodeTypes.modifiers,NodeWithPrivateModifier,5,4,0,0,1,1,1,1,1,1
javaparser-core-testing,com.github.javaparser.ast.nodeTypes.modifiers,NodeWithPublicModifier,5,4,0,0,1,1,1,1,1,1
javaparser-core-testing,com.github.javaparser.ast.nodeTypes.modifiers,NodeWithFinalModifier,5,4,0,0,1,1,1,1,1,1
javaparser-core-testing,com.github.javaparser.ast.nodeTypes.modifiers,NodeWithStrictfpModifier,9,0,0,0,2,0,2,0,2,0
javaparser-core-testing,com.github.javaparser.ast.nodeTypes.modifiers,NodeWithStaticModifier,5,4,0,0,1,1,1,1,1,1
javaparser-core-testing,com.github.javaparser.printer.concretesyntaxmodel,CsmToken,48,145,12,20,6,33,13,14,2,9
javaparser-core-testing,com.github.javaparser.printer.concretesyntaxmodel,CsmSingleReference,0,20,0,2,0,8,0,4,0,3
javaparser-core-testing,com.github.javaparser.printer.concretesyntaxmodel,CsmAttribute,81,63,8,8,7,16,6,8,0,4
javaparser-core-testing,com.github.javaparser.printer.concretesyntaxmodel,CsmList,79,122,25,17,15,30,16,14,1,8
javaparser-core-testing,com.github.javaparser.printer.concretesyntaxmodel,CsmSequence,9,28,2,2,2,8,2,4,0,4
javaparser-core-testing,com.github.javaparser.printer.concretesyntaxmodel,PrintingHelper,5,20,1,5,2,6,2,3,1,1
javaparser-core-testing,com.github.javaparser.printer.concretesyntaxmodel,CsmOrphanCommentsEnding,0,66,0,10,0,18,0,7,0,2
javaparser-core-testing,com.github.javaparser.printer.concretesyntaxmodel,CsmElement,6,173,0,0,1,26,1,26,1,26
javaparser-core-testing,com.github.javaparser.printer.concretesyntaxmodel,CsmConditional,8,112,2,10,2,29,2,13,0,9
javaparser-core-testing,com.github.javaparser.printer.concretesyntaxmodel,CsmChar,0,22,0,0,0,7,0,2,0,2
javaparser-core-testing,com.github.javaparser.printer.concretesyntaxmodel,CsmNone,0,4,0,0,0,2,0,2,0,2
javaparser-core-testing,com.github.javaparser.printer.concretesyntaxmodel,CsmString,10,22,0,0,1,7,1,2,1,2
javaparser-core-testing,com.github.javaparser.printer.concretesyntaxmodel,CsmMix,66,28,14,2,8,8,12,4,4,4
javaparser-core-testing,com.github.javaparser.printer.concretesyntaxmodel,CsmComment,7,66,1,5,1,17,1,6,0,4
javaparser-core-testing,com.github.javaparser.printer.concretesyntaxmodel,CsmIndent,2,10,0,0,1,4,1,3,1,3
javaparser-core-testing,com.github.javaparser.printer.concretesyntaxmodel,CsmConditional.Condition,6,95,2,16,1,15,2,9,0,2
javaparser-core-testing,com.github.javaparser.printer.concretesyntaxmodel,CsmUnindent,2,10,0,0,1,4,1,3,1,3
javaparser-core-testing,com.github.javaparser.ast.comments,BlockComment,36,29,4,0,12,11,9,6,7,6
javaparser-core-testing,com.github.javaparser.ast.comments,JavadocComment,41,28,4,0,14,10,10,6,8,6
javaparser-core-testing,com.github.javaparser.ast.comments,Comment,91,91,7,11,24,27,21,12,16,8
javaparser-core-testing,com.github.javaparser.ast.comments,CommentsCollection,88,111,14,0,18,23,10,18,3,18
javaparser-core-testing,com.github.javaparser.ast.comments,LineComment,32,33,4,0,10,13,7,8,5,8
javaparser-core-testing,com.github.javaparser.ast.body,EnumConstantDeclaration,170,150,27,7,39,39,25,13,9,12
javaparser-core-testing,com.github.javaparser.ast.body,MethodDeclaration,167,327,19,25,33,77,26,31,12,23
javaparser-core-testing,com.github.javaparser.ast.body,CallableDeclaration,237,387,41,41,52,99,35,36,9,21
javaparser-core-testing,com.github.javaparser.ast.body,ClassOrInterfaceDeclaration,179,254,27,21,36,56,24,26,7,19
javaparser-core-testing,com.github.javaparser.ast.body,VariableDeclarator,75,200,10,18,20,55,13,23,6,16
javaparser-core-testing,com.github.javaparser.ast.body,AnnotationMemberDeclaration,136,215,24,16,34,58,22,22,7,17
javaparser-core-testing,com.github.javaparser.ast.body,FieldDeclaration,140,451,18,30,32,71,24,31,11,20
javaparser-core-testing,com.github.javaparser.ast.body,ConstructorDeclaration,108,224,8,12,22,46,15,20,10,15
javaparser-core-testing,com.github.javaparser.ast.body,AnnotationDeclaration,45,59,3,1,13,13,10,7,8,7
javaparser-core-testing,com.github.javaparser.ast.body,ReceiverParameter,160,106,22,6,36,33,22,9,8,9
javaparser-core-testing,com.github.javaparser.ast.body,VariableDeclarator.new AstObserverAdapter() {...},0,79,2,8,0,15,2,5,0,2
javaparser-core-testing,com.github.javaparser.ast.body,TypeDeclaration,162,201,14,20,31,49,22,22,14,13
javaparser-core-testing,com.github.javaparser.ast.body,InitializerDeclaration,52,91,8,4,16,28,11,12,6,11
javaparser-core-testing,com.github.javaparser.ast.body,BodyDeclaration,246,77,8,8,58,22,54,8,49,5
javaparser-core-testing,com.github.javaparser.ast.body,CallableDeclaration.Signature,24,63,3,7,7,14,6,6,3,4
javaparser-core-testing,com.github.javaparser.ast.body,EnumDeclaration,172,150,24,4,38,35,24,13,10,13
javaparser-core-testing,com.github.javaparser.ast.body,Parameter,220,285,30,24,40,77,25,27,6,19
javaparser-core-testing,com.github.javaparser.resolution.declarations,ResolvedTypeParameterDeclaration,124,0,16,0,27,0,19,0,11,0
javaparser-core-testing,com.github.javaparser.resolution.declarations,ResolvedEnumDeclaration,45,0,0,0,5,0,7,0,7,0
javaparser-core-testing,com.github.javaparser.resolution.declarations,ResolvedClassDeclaration,2,0,0,0,1,0,1,0,1,0
javaparser-core-testing,com.github.javaparser.resolution.declarations,AssociableToAST,4,0,0,0,1,0,1,0,1,0
javaparser-core-testing,com.github.javaparser.resolution.declarations,ResolvedMethodLikeDeclaration,155,0,16,0,30,0,17,0,9,0
javaparser-core-testing,com.github.javaparser.resolution.declarations,ResolvedEnumConstantDeclaration,4,0,0,0,2,0,2,0,2,0
javaparser-core-testing,com.github.javaparser.resolution.declarations,ResolvedTypeParametrizable,8,0,2,0,1,0,2,0,1,0
javaparser-core-testing,com.github.javaparser.resolution.declarations,ResolvedDeclaration,74,0,0,0,12,0,12,0,12,0
javaparser-core-testing,com.github.javaparser.resolution.declarations,ResolvedInterfaceDeclaration,29,0,2,0,7,0,3,0,2,0
javaparser-core-testing,com.github.javaparser.resolution.declarations,ResolvedParameterDeclaration,26,0,2,0,6,0,5,0,4,0
javaparser-core-testing,com.github.javaparser.resolution.declarations,ResolvedTypeParameterDeclaration.new ResolvedTypeParameterDeclaration() {...},46,0,0,0,11,0,11,0,11,0
javaparser-core-testing,com.github.javaparser.resolution.declarations,ResolvedTypeParameterDeclaration.Bound,113,0,18,0,18,0,18,0,9,0
javaparser-core-testing,com.github.javaparser.resolution.declarations,ResolvedTypeDeclaration,148,0,2,0,22,0,20,0,19,0
javaparser-core-testing,com.github.javaparser.resolution.declarations,ResolvedFieldDeclaration,4,0,0,0,2,0,2,0,2,0
javaparser-core-testing,com.github.javaparser.resolution.declarations,ResolvedReferenceTypeDeclaration,258,0,26,0,40,0,36,0,23,0
javaparser-core-testing,com.github.javaparser.ast.validator.chunks,NoUnderscoresInIntegerLiteralsValidator,8,23,0,2,3,7,1,4,1,3
javaparser-core-testing,com.github.javaparser.ast.validator.chunks,NoBinaryIntegerLiteralsValidator,8,24,0,2,3,7,1,4,1,3
javaparser-core-testing,com.github.javaparser.ast.validator.chunks,VarValidator,10,173,3,29,4,47,3,21,0,8
javaparser-core-testing,com.github.javaparser.ast.validator.chunks,UnderscoreKeywordValidator,0,34,0,2,0,10,0,5,0,4
javaparser-core-testing,com.github.javaparser.ast.validator.chunks,ModifierValidator,0,898,0,52,0,107,0,47,0,21
javaparser-core-testing,com.github.javaparser.ast.validator.chunks,CommonValidators,0,181,0,28,0,28,0,23,0,9
javaparser-core-testing,com.github.javaparser.version,Java11PostProcessor,0,3,0,0,0,1,0,1,0,1
javaparser-core-testing,com.github.javaparser.version,Java12PostProcessor,0,3,0,0,0,1,0,1,0,1
javaparser-core-testing,com.github.javaparser.version,Java10PostProcessor,0,41,0,2,0,10,0,5,0,4
javaparser-core-testing,com.github.javaparser.version,PostProcessors,25,33,2,0,7,8,4,4,3,4
javaparser-core-testing,com.github.javaparser.javadoc.description,JavadocDescription,30,153,4,12,6,29,7,13,3,9
javaparser-core-testing,com.github.javaparser.javadoc.description,JavadocSnippet,26,30,4,4,3,9,6,3,2,3
javaparser-core-testing,com.github.javaparser.javadoc.description,JavadocInlineTag.Type,0,119,0,4,0,16,0,5,0,3
javaparser-core-testing,com.github.javaparser.javadoc.description,JavadocInlineTag,112,100,18,10,10,19,18,5,5,4
javaparser-core-testing,com.github.javaparser.ast,Node.Parsedness,0,24,0,0,0,2,0,1,0,1
javaparser-core-testing,com.github.javaparser.ast,ImportDeclaration,67,101,8,6,18,30,11,12,6,10
javaparser-core-testing,com.github.javaparser.ast,Node.PostOrderIterator,135,0,10,0,33,0,10,0,5,0
javaparser-core-testing,com.github.javaparser.ast,Modifier.Keyword,0,189,0,0,0,21,0,4,0,4
javaparser-core-testing,com.github.javaparser.ast,Node.DirectChildrenIterator,20,0,0,0,5,0,3,0,3,0
javaparser-core-testing,com.github.javaparser.ast,Modifier,72,75,5,1,17,22,15,12,12,12
javaparser-core-testing,com.github.javaparser.ast,Node,207,749,43,81,49,182,42,99,11,65
javaparser-core-testing,com.github.javaparser.ast,CompilationUnit.Storage,29,77,0,0,7,15,3,9,3,9
javaparser-core-testing,com.github.javaparser.ast,Node.ObserverRegistrationMode,0,34,0,0,0,4,0,1,0,1
javaparser-core-testing,com.github.javaparser.ast,Node.new DataKey() {...},0,3,0,0,0,1,0,1,0,1
javaparser-core-testing,com.github.javaparser.ast,DataKey,16,3,4,0,2,1,4,1,2,1
javaparser-core-testing,com.github.javaparser.ast,NodeList,108,627,19,45,22,138,29,73,13,57
javaparser-core-testing,com.github.javaparser.ast,Node.TreeTraversal,0,54,0,0,0,2,0,1,0,1
javaparser-core-testing,com.github.javaparser.ast,Node.ParentsVisitor,0,22,0,0,0,6,0,3,0,3
javaparser-core-testing,com.github.javaparser.ast,ArrayCreationLevel,144,95,22,6,33,28,20,10,8,8
javaparser-core-testing,com.github.javaparser.ast,Node.PreOrderIterator,0,48,0,4,0,10,0,5,0,3
javaparser-core-testing,com.github.javaparser.ast,Node.BreadthFirstIterator,34,0,2,0,8,0,4,0,3,0
javaparser-core-testing,com.github.javaparser.ast,PackageDeclaration,107,98,18,4,25,29,16,9,5,9
javaparser-core-testing,com.github.javaparser.ast,CompilationUnit,182,647,37,53,40,122,38,66,6,53
javaparser-core-testing,com.github.javaparser.ast.stmt,ThrowStmt,71,44,8,2,22,15,15,5,10,5
javaparser-core-testing,com.github.javaparser.ast.stmt,BreakStmt,95,46,13,3,28,16,18,7,11,6
javaparser-core-testing,com.github.javaparser.ast.stmt,CatchClause,94,80,12,4,23,25,14,8,6,8
javaparser-core-testing,com.github.javaparser.ast.stmt,WhileStmt,93,75,12,4,27,24,18,7,10,7
javaparser-core-testing,com.github.javaparser.ast.stmt,ForEachStmt,125,106,16,6,34,33,22,9,11,9
javaparser-core-testing,com.github.javaparser.ast.stmt,TryStmt,212,163,36,10,50,47,31,16,10,14
javaparser-core-testing,com.github.javaparser.ast.stmt,SwitchEntry.Type,0,44,0,0,0,2,0,1,0,1
javaparser-core-testing,com.github.javaparser.ast.stmt,ContinueStmt,95,44,13,3,29,15,19,6,12,5
javaparser-core-testing,com.github.javaparser.ast.stmt,ExpressionStmt,42,73,6,4,14,23,8,12,5,10
javaparser-core-testing,com.github.javaparser.ast.stmt,EmptyStmt,45,13,4,0,15,6,11,3,9,3
javaparser-core-testing,com.github.javaparser.ast.stmt,BlockStmt,61,89,8,8,16,26,11,12,6,9
javaparser-core-testing,com.github.javaparser.ast.stmt,UnparsableStmt,45,15,4,0,15,7,11,4,9,4
javaparser-core-testing,com.github.javaparser.ast.stmt,ReturnStmt,73,66,13,3,22,22,14,11,7,10
javaparser-core-testing,com.github.javaparser.ast.stmt,LabeledStmt,100,77,12,4,28,25,18,8,10,8
javaparser-core-testing,com.github.javaparser.ast.stmt,SwitchStmt,141,83,18,4,35,26,22,9,11,9
javaparser-core-testing,com.github.javaparser.ast.stmt,ForStmt,223,139,37,9,51,43,32,13,10,12
javaparser-core-testing,com.github.javaparser.ast.stmt,SynchronizedStmt,93,75,12,4,27,24,18,7,10,7
javaparser-core-testing,com.github.javaparser.ast.stmt,ExplicitConstructorInvocationStmt,240,115,38,8,57,35,35,13,14,11
javaparser-core-testing,com.github.javaparser.ast.stmt,SwitchEntry,156,100,25,5,33,31,21,9,6,9
javaparser-core-testing,com.github.javaparser.ast.stmt,AssertStmt,115,75,17,5,34,24,22,8,12,7
javaparser-core-testing,com.github.javaparser.ast.stmt,Statement,363,14,4,0,86,7,83,5,81,5
javaparser-core-testing,com.github.javaparser.ast.stmt,DoStmt,93,75,12,4,27,24,18,7,10,7
javaparser-core-testing,com.github.javaparser.ast.stmt,IfStmt,125,131,21,9,35,39,23,16,10,14
javaparser-core-testing,com.github.javaparser.ast.stmt,LocalClassDeclarationStmt,71,44,8,2,22,15,15,5,10,5
javaparser-core-testing,com.github.javaparser.resolution.types,ResolvedTypeVariable,124,0,16,0,28,0,23,0,15,0
javaparser-core-testing,com.github.javaparser.resolution.types,ResolvedIntersectionType,114,0,10,0,18,0,13,0,8,0
javaparser-core-testing,com.github.javaparser.resolution.types,ResolvedArrayType,118,0,18,0,25,0,19,0,10,0
javaparser-core-testing,com.github.javaparser.resolution.types,ResolvedWildcard,280,0,58,0,56,0,48,0,19,0
javaparser-core-testing,com.github.javaparser.resolution.types,ResolvedPrimitiveType,349,0,24,0,39,0,25,0,13,0
javaparser-core-testing,com.github.javaparser.resolution.types,ResolvedType,165,0,14,0,24,0,29,0,22,0
javaparser-core-testing,com.github.javaparser.resolution.types,ResolvedLambdaConstraintType,46,0,0,0,10,0,8,0,8,0
javaparser-core-testing,com.github.javaparser.resolution.types,ResolvedWildcard.BoundType,24,0,0,0,3,0,1,0,1,0
javaparser-core-testing,com.github.javaparser.resolution.types,ResolvedReferenceType,881,0,119,0,169,0,102,0,39,0
javaparser-core-testing,com.github.javaparser.resolution.types,ResolvedUnionType,118,0,8,0,22,0,14,0,10,0
javaparser-core-testing,com.github.javaparser.resolution.types,ResolvedVoidType,13,0,0,0,4,0,4,0,4,0
javaparser-core-testing,com.github.javaparser.ast.nodeTypes,NodeWithOptionalScope,0,3,0,0,0,1,0,1,0,1
javaparser-core-testing,com.github.javaparser.ast.nodeTypes,NodeWithStatements,62,50,2,0,14,10,8,7,7,7
javaparser-core-testing,com.github.javaparser.ast.nodeTypes,NodeWithImplements,25,23,0,0,6,5,4,3,4,3
javaparser-core-testing,com.github.javaparser.ast.nodeTypes,NodeWithRange,34,34,2,2,3,4,6,5,4,5
javaparser-core-testing,com.github.javaparser.ast.nodeTypes,NodeWithOptionalBlockStmt,0,10,0,0,0,3,0,1,0,1
javaparser-core-testing,com.github.javaparser.ast.nodeTypes,NodeWithTypeParameters,15,21,0,2,3,4,2,4,2,3
javaparser-core-testing,com.github.javaparser.ast.nodeTypes,NodeWithParameters,9,149,0,0,2,26,1,19,1,19
javaparser-core-testing,com.github.javaparser.ast.nodeTypes,NodeWithConstructors,24,60,0,0,2,7,4,8,4,8
javaparser-core-testing,com.github.javaparser.ast.nodeTypes,NodeWithExpression,5,0,0,0,1,0,1,0,1,0
javaparser-core-testing,com.github.javaparser.ast.nodeTypes,NodeWithOptionalLabel,19,0,0,0,3,0,3,0,3,0
javaparser-core-testing,com.github.javaparser.ast.nodeTypes,NodeWithVariables.new Object() {...},0,29,0,6,0,8,0,5,0,2
javaparser-core-testing,com.github.javaparser.ast.nodeTypes,NodeWithSimpleName,6,14,0,0,1,3,1,2,1,2
javaparser-core-testing,com.github.javaparser.ast.nodeTypes,NodeWithScope,0,4,0,0,0,1,0,1,0,1
javaparser-core-testing,com.github.javaparser.ast.nodeTypes,NodeWithMembers,79,310,0,0,10,59,8,32,8,32
javaparser-core-testing,com.github.javaparser.ast.nodeTypes,NodeWithTypeArguments,11,19,0,4,2,2,2,4,2,2
javaparser-core-testing,com.github.javaparser.ast.nodeTypes,NodeWithAnnotations,17,146,0,0,4,31,2,17,2,17
javaparser-core-testing,com.github.javaparser.ast.nodeTypes,NodeWithBlockStmt,0,10,0,0,0,3,0,1,0,1
javaparser-core-testing,com.github.javaparser.ast.nodeTypes,NodeWithArguments,14,14,0,0,3,3,2,2,2,2
javaparser-core-testing,com.github.javaparser.ast.nodeTypes,NodeWithModifiers,24,130,5,13,4,23,5,12,1,7
javaparser-core-testing,com.github.javaparser.ast.nodeTypes,NodeWithBody,10,0,0,0,3,0,1,0,1,0
javaparser-core-testing,com.github.javaparser.ast.nodeTypes,NodeWithExtends,25,23,0,0,6,5,4,3,4,3
javaparser-core-testing,com.github.javaparser.ast.nodeTypes,NodeWithType,4,17,0,0,1,4,1,2,1,2
javaparser-core-testing,com.github.javaparser.ast.nodeTypes,NodeWithIdentifier,10,0,0,0,3,0,2,0,2,0
javaparser-core-testing,com.github.javaparser.ast.nodeTypes,NodeWithThrownExceptions,0,40,0,0,0,7,0,6,0,6
javaparser-core-testing,com.github.javaparser.ast.nodeTypes,NodeWithName,0,12,0,0,0,3,0,2,0,2
javaparser-core-testing,com.github.javaparser.ast.nodeTypes,NodeWithJavadoc,5,64,1,7,1,10,2,12,1,9
javaparser-core-testing,com.github.javaparser.ast.nodeTypes,NodeWithVariables,9,164,0,18,2,34,1,17,1,8
